{"train_accuracy": [0.8100000023841858, 0.8299999833106995, 0.8299999833106995, 0.8899999856948853, 0.7999999523162842, 0.8799999952316284, 0.8799999952316284, 0.8299999833106995, 0.8299999833106995, 0.7799999713897705, 0.7799999713897705, 0.8899999856948853, 0.8700000047683716, 0.85999995470047, 0.9199999570846558, 0.9199999570846558, 0.949999988079071, 0.9099999666213989, 0.8700000047683716, 0.9199999570846558, 0.8499999642372131, 0.8899999856948853, 0.8999999761581421, 0.8499999642372131, 0.9399999976158142, 0.9300000071525574, 0.9099999666213989, 0.8799999952316284, 0.9099999666213989, 0.9399999976158142, 0.9099999666213989, 0.949999988079071, 0.8999999761581421, 0.8999999761581421, 0.9300000071525574, 0.8499999642372131, 0.9399999976158142, 0.9799999594688416, 0.9199999570846558, 0.8899999856948853, 0.949999988079071, 0.9699999690055847, 0.8999999761581421, 0.8999999761581421, 0.949999988079071, 0.9099999666213989, 0.9199999570846558, 0.8899999856948853, 0.8999999761581421, 0.8899999856948853, 0.9099999666213989, 0.9099999666213989, 0.8999999761581421, 0.9099999666213989, 0.9599999785423279, 0.9099999666213989, 0.9300000071525574, 0.9199999570846558, 0.9300000071525574, 0.9399999976158142, 0.9099999666213989, 0.9099999666213989, 0.9599999785423279, 0.9199999570846558, 0.949999988079071, 0.9399999976158142, 0.9399999976158142, 0.8700000047683716, 0.8999999761581421, 0.9099999666213989, 0.9300000071525574, 0.949999988079071, 0.9300000071525574, 0.9300000071525574, 0.9199999570846558, 0.8999999761581421, 0.9399999976158142, 0.9199999570846558, 0.9300000071525574, 0.9599999785423279, 0.949999988079071, 0.9199999570846558, 0.8999999761581421, 0.9300000071525574, 0.9099999666213989, 0.9599999785423279, 1.0, 0.9399999976158142, 0.9599999785423279, 0.9300000071525574, 0.9399999976158142, 0.9300000071525574, 0.9300000071525574, 0.949999988079071, 0.9300000071525574, 0.8799999952316284, 0.9599999785423279, 0.9399999976158142, 0.9399999976158142, 0.8700000047683716], "test_accuracy": [0.7899999618530273, 0.8399999737739563, 0.8399999737739563, 0.85999995470047, 0.8100000023841858, 0.8700000047683716, 0.8299999833106995, 0.8999999761581421, 0.8999999761581421, 0.8499999642372131, 0.85999995470047, 0.8999999761581421, 0.8799999952316284, 0.9199999570846558, 0.8299999833106995, 0.8499999642372131, 0.8299999833106995, 0.8799999952316284, 0.8899999856948853, 0.8499999642372131, 0.85999995470047, 0.8399999737739563, 0.85999995470047, 0.85999995470047, 0.8199999928474426, 0.85999995470047, 0.8700000047683716, 0.8799999952316284, 0.8100000023841858, 0.8299999833106995, 0.8100000023841858, 0.85999995470047, 0.8499999642372131, 0.8499999642372131, 0.8899999856948853, 0.8499999642372131, 0.8799999952316284, 0.8499999642372131, 0.8399999737739563, 0.8700000047683716, 0.8499999642372131, 0.8199999928474426, 0.8799999952316284, 0.8499999642372131, 0.8799999952316284, 0.8799999952316284, 0.8999999761581421, 0.8799999952316284, 0.8799999952316284, 0.8700000047683716, 0.8899999856948853, 0.8799999952316284, 0.8799999952316284, 0.8700000047683716, 0.9099999666213989, 0.9099999666213989, 0.85999995470047, 0.85999995470047, 0.85999995470047, 0.9199999570846558, 0.8399999737739563, 0.8399999737739563, 0.85999995470047, 0.85999995470047, 0.8799999952316284, 0.8899999856948853, 0.8499999642372131, 0.85999995470047, 0.8999999761581421, 0.8700000047683716, 0.85999995470047, 0.8700000047683716, 0.85999995470047, 0.8399999737739563, 0.8799999952316284, 0.8199999928474426, 0.8999999761581421, 0.85999995470047, 0.8700000047683716, 0.8700000047683716, 0.8499999642372131, 0.85999995470047, 0.8199999928474426, 0.8199999928474426, 0.8700000047683716, 0.8899999856948853, 0.8799999952316284, 0.8700000047683716, 0.8700000047683716, 0.8299999833106995, 0.8700000047683716, 0.8700000047683716, 0.8499999642372131, 0.8499999642372131, 0.8799999952316284, 0.8899999856948853, 0.8399999737739563, 0.9099999666213989, 0.8499999642372131, 0.8299999833106995], "train_loss": [0.43824484944343567, 0.4409460425376892, 0.43309134244918823, 0.3074168860912323, 0.5077943205833435, 0.2998918890953064, 0.3763332664966583, 0.39129137992858887, 0.3729250729084015, 0.5840471386909485, 0.4835251569747925, 0.24273769557476044, 0.35799798369407654, 0.4986019432544708, 0.21720123291015625, 0.24290214478969574, 0.1912926435470581, 0.2906620502471924, 0.24655626714229584, 0.3369646370410919, 0.3611565828323364, 0.259978324174881, 0.2741600275039673, 0.3828555643558502, 0.18353965878486633, 0.14639884233474731, 0.24158667027950287, 0.37254172563552856, 0.20309624075889587, 0.2146873027086258, 0.23394432663917542, 0.16181796789169312, 0.28880220651626587, 0.22535036504268646, 0.2314770668745041, 0.26654183864593506, 0.1868271678686142, 0.10283118486404419, 0.2059994637966156, 0.3280101716518402, 0.17398791015148163, 0.1724901646375656, 0.3162967264652252, 0.2365454137325287, 0.13117270171642303, 0.15782907605171204, 0.16875827312469482, 0.30171123147010803, 0.2128179520368576, 0.31153732538223267, 0.24230758845806122, 0.1901237815618515, 0.24540603160858154, 0.1822586953639984, 0.12945765256881714, 0.1905430555343628, 0.18720415234565735, 0.16671526432037354, 0.23746685683727264, 0.1746329665184021, 0.2308119237422943, 0.1846010386943817, 0.09838266670703888, 0.18851305544376373, 0.20537149906158447, 0.23243942856788635, 0.11392907798290253, 0.24139641225337982, 0.2583588659763336, 0.41195106506347656, 0.17224366962909698, 0.13069042563438416, 0.17579525709152222, 0.15053774416446686, 0.22453975677490234, 0.23530682921409607, 0.1789942979812622, 0.2895400822162628, 0.2504148781299591, 0.2835563123226166, 0.11218421161174774, 0.1929580718278885, 0.2523603141307831, 0.19114376604557037, 0.3300149440765381, 0.12966814637184143, 0.04723355174064636, 0.12473323196172714, 0.1016455739736557, 0.21226662397384644, 0.14282990992069244, 0.18812935054302216, 0.1766905039548874, 0.10737824440002441, 0.15892302989959717, 0.24680840969085693, 0.1318407654762268, 0.16936412453651428, 0.12027370184659958, 0.399999737739563],