{"train_accuracy": [0.7610862851142883, 0.8340533375740051, 0.8536839485168457, 0.8674313426017761, 0.8781042098999023, 0.8864234685897827, 0.8963350653648376, 0.9026828408241272, 0.909569501876831, 0.9155454039573669, 0.9205940365791321, 0.9254322052001953, 0.9296793937683105, 0.9342919588088989, 0.9384976625442505, 0.9415567517280579, 0.9444575309753418, 0.9479365944862366, 0.9504995942115784, 0.9521719813346863, 0.9546281695365906, 0.9573186635971069, 0.9596112370491028, 0.9605851173400879, 0.9626156091690063, 0.9642796516418457, 0.9650241732597351, 0.966116726398468, 0.9681084156036377, 0.9689254760742188, 0.9699100852012634, 0.9706329703330994, 0.971265435218811, 0.9728306531906128, 0.9730644226074219, 0.9742767214775085, 0.9747326374053955, 0.9752621054649353, 0.9765952825546265, 0.9764797687530518, 0.977576732635498, 0.9779335856437683, 0.9784888625144958, 0.97882479429245, 0.9797411561012268, 0.9794913530349731, 0.980606198310852, 0.9808512926101685, 0.9810325503349304, 0.9815869927406311, 0.981922447681427, 0.9820863008499146, 0.9822713136672974, 0.9825809597969055, 0.982882022857666, 0.983794629573822, 0.9838895797729492, 0.984130322933197, 0.9847245812416077, 0.9842251539230347, 0.9846810698509216, 0.9847412705421448, 0.9848235845565796, 0.9860411286354065, 0.985804557800293, 0.9855292439460754, 0.9862439036369324, 0.986480176448822, 0.9865316152572632, 0.987061619758606, 0.986893355846405, 0.9870830178260803, 0.9864932894706726, 0.9875991344451904, 0.9875431656837463, 0.9873712658882141, 0.9877969622612, 0.9883696436882019, 0.988369345664978, 0.9879563450813293, 0.9884299635887146, 0.9882838726043701, 0.9885202646255493, 0.9888988137245178, 0.9888433218002319, 0.9888731837272644, 0.9892175793647766, 0.9891271591186523, 0.9896650314331055, 0.9894888401031494, 0.9897642731666565, 0.989996612071991, 0.9894371628761292, 0.9903537631034851, 0.9901214838027954, 0.9897167682647705, 0.9904228448867798, 0.9903883934020996, 0.990181565284729, 0.9904958605766296], "test_accuracy": [0.8186127543449402, 0.8387846350669861, 0.8486664295196533, 0.855323076248169, 0.8621606826782227, 0.8639358878135681, 0.8678708672523499, 0.868731677532196, 0.8652585744857788, 0.8733547925949097, 0.8731508255004883, 0.8716986775398254, 0.871838390827179, 0.874021589756012, 0.8755484223365784, 0.8742795586585999, 0.8723114728927612, 0.8761081099510193, 0.8759568333625793, 0.8749352693557739, 0.876107931137085, 0.8744409084320068, 0.8761399984359741, 0.875011146068573, 0.8738716840744019, 0.872183084487915, 0.8749029636383057, 0.8753116726875305, 0.8740109205245972, 0.8755053877830505, 0.8724403977394104, 0.8739466667175293, 0.8738817572593689, 0.8756130337715149, 0.8764194846153259, 0.8745160698890686, 0.8744088411331177, 0.8757422566413879, 0.8746559619903564, 0.8746780753135681, 0.8747419714927673, 0.8745156526565552, 0.874225914478302, 0.8761182427406311, 0.873516857624054, 0.8770973086357117, 0.874656081199646, 0.8747199177742004, 0.8754091262817383, 0.8772906064987183, 0.8740753531455994, 0.8751298189163208, 0.8746993541717529, 0.8730542063713074, 0.8772575259208679, 0.8746878504753113, 0.8742907047271729, 0.8746125102043152, 0.8750967979431152, 0.8737643957138062, 0.8741506338119507, 0.8756023645401001, 0.8741715550422668, 0.8744630217552185, 0.8750218152999878, 0.8756555914878845, 0.8755598664283752, 0.8740754723548889, 0.874634325504303, 0.8771832585334778, 0.8745917081832886, 0.8753982186317444, 0.8751729726791382, 0.8734840750694275, 0.8731619715690613, 0.872473418712616, 0.8749889135360718, 0.8751072883605957, 0.8746241927146912, 0.877516508102417, 0.8750963807106018, 0.8746554255485535, 0.8757430911064148, 0.8750539422035217, 0.8738600015640259, 0.8749354481697083, 0.8755493760108948, 0.8764516711235046, 0.8743330836296082, 0.8752902746200562, 0.8745703101158142, 0.8744949102401733, 0.8747528195381165, 0.8773762583732605, 0.8752043843269348, 0.8745593428611755, 0.8753017783164978, 0.8742803931236267, 0.875752329826355, 0.8758823871612549], "train_loss": [0.7386656999588013, 0.4543534219264984, 0.39264142513275146, 0.3511693477630615, 0.319767564535141, 0.2940863072872162, 0.2681242525577545, 0.2505524158477783, 0.2326679527759552, 0.21730975806713104, 0.2043236345052719, 0.19002863764762878, 0.17941837012767792, 0.16825492680072784, 0.15749646723270416, 0.1498759537935257, 0.14197811484336853, 0.13440869748592377, 0.12654240429401398, 0.12257220596075058, 0.11541398614645004, 0.11031147837638855, 0.10523965209722519, 0.10218675434589386, 0.09777434170246124, 0.09220625460147858, 0.09112795442342758, 0.08811154216527939, 0.08324025571346283, 0.08164836466312408, 0.07874301820993423, 0.07682604342699051, 0.0749959796667099, 0.07120642811059952, 0.07067634910345078, 0.06747790426015854, 0.06581702083349228, 0.06454673409461975, 0.061420995742082596, 0.06226217374205589, 0.06016043573617935, 0.05843060836195946, 0.056784022599458694, 0.05677573010325432, 0.05440681800246239, 0.05490376800298691, 0.05189110338687897, 0.05200064182281494, 0.05050991103053093, 0.04898940026760101, 0.04874148592352867, 0.04756138101220131, 0.046863652765750885, 0.04696974158287048, 0.04579229652881622, 0.043929532170295715, 0.04317808151245117, 0.04271053895354271, 0.04129379242658615, 0.041798271238803864, 0.041104815900325775, 0.041071467101573944, 0.041132859885692596, 0.038443468511104584, 0.03793559595942497, 0.03899051249027252, 0.03705291822552681, 0.03675524517893791, 0.036815524101257324, 0.03468692675232887, 0.03605445474386215, 0.036157336086034775, 0.036126818507909775, 0.034079279750585556, 0.03380897268652916, 0.03406602889299393, 0.03372534364461899, 0.03231213614344597, 0.03196948394179344, 0.03295856714248657, 0.03167542815208435, 0.03165176883339882, 0.031421028077602386, 0.030613495036959648, 0.030665280297398567, 0.029927197843790054, 0.03045371174812317, 0.029504941776394844, 0.028977753594517708, 0.02961805835366249, 0.02838679775595665, 0.02735920622944832, 0.02913227677345276, 0.026696881279349327, 0.02732076868414879, 0.028017843142151833, 0.026600198820233345, 0.02677820809185505, 0.027321817353367805, 0.026368513703346252],