{"train_accuracy": [0.8100000023841858, 0.8100000023841858, 0.8799999952316284, 0.85999995470047, 0.8299999833106995, 0.9199999570846558, 0.8799999952316284, 0.9099999666213989, 0.8899999856948853, 0.8299999833106995, 0.8700000047683716, 0.8899999856948853, 0.85999995470047, 0.8799999952316284, 0.9300000071525574, 0.9099999666213989, 0.9399999976158142, 0.949999988079071, 0.9099999666213989, 0.949999988079071, 0.9399999976158142, 0.9399999976158142, 0.9799999594688416, 0.9699999690055847, 0.8999999761581421, 0.9599999785423279, 0.9699999690055847, 0.9599999785423279, 0.9699999690055847, 0.8999999761581421, 0.9199999570846558, 0.9799999594688416, 0.9599999785423279, 0.949999988079071, 0.9599999785423279, 0.9799999594688416, 0.9899999499320984, 0.9599999785423279, 0.9399999976158142, 0.9300000071525574, 0.949999988079071, 0.9199999570846558, 0.9899999499320984, 0.9699999690055847, 0.9399999976158142, 0.9699999690055847, 0.9699999690055847, 0.9300000071525574, 0.9599999785423279, 0.9199999570846558, 0.9599999785423279, 0.9699999690055847, 0.9599999785423279, 0.9599999785423279, 0.9699999690055847, 0.9899999499320984, 0.9699999690055847, 0.9799999594688416, 0.9699999690055847, 0.9799999594688416, 0.9599999785423279, 0.9799999594688416, 0.949999988079071, 0.9300000071525574, 0.9799999594688416, 0.9799999594688416, 0.9799999594688416, 1.0, 0.9799999594688416, 0.9799999594688416, 0.949999988079071, 0.9699999690055847, 0.9799999594688416, 0.9799999594688416, 0.9799999594688416, 0.9699999690055847, 0.9699999690055847, 0.9799999594688416, 0.9799999594688416, 0.9699999690055847, 0.9799999594688416, 0.949999988079071, 0.9899999499320984, 0.9899999499320984, 0.9799999594688416, 0.9699999690055847, 0.9899999499320984, 0.9899999499320984, 0.9799999594688416, 0.9599999785423279, 0.9799999594688416, 0.9799999594688416, 0.9899999499320984, 0.9899999499320984, 0.9899999499320984, 0.9699999690055847, 1.0, 0.9699999690055847, 0.9599999785423279, 0.949999988079071], "test_accuracy": [0.7699999809265137, 0.8199999928474426, 0.8299999833106995, 0.8199999928474426, 0.8899999856948853, 0.8799999952316284, 0.8700000047683716, 0.8499999642372131, 0.8899999856948853, 0.8799999952316284, 0.8799999952316284, 0.8999999761581421, 0.85999995470047, 0.8899999856948853, 0.8999999761581421, 0.8700000047683716, 0.9099999666213989, 0.8999999761581421, 0.9099999666213989, 0.8799999952316284, 0.8899999856948853, 0.8899999856948853, 0.8700000047683716, 0.8899999856948853, 0.9099999666213989, 0.8999999761581421, 0.9099999666213989, 0.85999995470047, 0.8499999642372131, 0.9099999666213989, 0.8399999737739563, 0.8700000047683716, 0.8700000047683716, 0.8899999856948853, 0.8799999952316284, 0.8799999952316284, 0.8700000047683716, 0.8700000047683716, 0.9099999666213989, 0.8700000047683716, 0.8999999761581421, 0.9099999666213989, 0.8799999952316284, 0.8899999856948853, 0.8999999761581421, 0.8700000047683716, 0.8700000047683716, 0.8999999761581421, 0.8700000047683716, 0.8700000047683716, 0.8700000047683716, 0.8999999761581421, 0.8700000047683716, 0.8799999952316284, 0.9099999666213989, 0.8700000047683716, 0.8999999761581421, 0.8700000047683716, 0.8799999952316284, 0.8799999952316284, 0.8700000047683716, 0.8999999761581421, 0.8700000047683716, 0.8799999952316284, 0.8999999761581421, 0.8899999856948853, 0.9099999666213989, 0.8999999761581421, 0.8799999952316284, 0.8700000047683716, 0.8399999737739563, 0.85999995470047, 0.8999999761581421, 0.8700000047683716, 0.8799999952316284, 0.8799999952316284, 0.9099999666213989, 0.8799999952316284, 0.8999999761581421, 0.8899999856948853, 0.85999995470047, 0.8999999761581421, 0.9300000071525574, 0.8999999761581421, 0.85999995470047, 0.8899999856948853, 0.8999999761581421, 0.8700000047683716, 0.8899999856948853, 0.8499999642372131, 0.9199999570846558, 0.8499999642372131, 0.8899999856948853, 0.8499999642372131, 0.8999999761581421, 0.8799999952316284, 0.8999999761581421, 0.8899999856948853, 0.8799999952316284, 0.8899999856948853], "train_loss": [0.4193994104862213, 0.48690569400787354, 0.3368433713912964, 0.3113383948802948, 0.44701141119003296, 0.24291183054447174, 0.27839183807373047, 0.25205525755882263, 0.32996004819869995, 0.37719032168388367, 0.3646761178970337, 0.20381635427474976, 0.3548796772956848, 0.329213410615921, 0.17371846735477448, 0.2137238085269928, 0.08986705541610718, 0.21040533483028412, 0.18767903745174408, 0.16901901364326477, 0.18846672773361206, 0.18247024714946747, 0.16098140180110931, 0.06972526758909225, 0.22866493463516235, 0.13014942407608032, 0.10730516165494919, 0.08333387970924377, 0.07687690854072571, 0.2864436209201813, 0.12900131940841675, 0.07422132045030594, 0.09954731911420822, 0.15067367255687714, 0.21948182582855225, 0.04849983751773834, 0.047190237790346146, 0.12071073800325394, 0.13548773527145386, 0.14971904456615448, 0.1996498852968216, 0.17438344657421112, 0.05945083498954773, 0.10648134350776672, 0.20081238448619843, 0.0944269672036171, 0.0603385828435421, 0.21115532517433167, 0.07516621798276901, 0.2397414594888687, 0.11713249981403351, 0.1274942010641098, 0.07622002810239792, 0.10718634724617004, 0.14544373750686646, 0.0666857436299324, 0.1630752682685852, 0.10866343230009079, 0.12292715907096863, 0.032106753438711166, 0.1808563470840454, 0.039317671209573746, 0.4937867820262909, 0.3516587018966675, 0.0788741186261177, 0.11708439141511917, 0.11288850754499435, 0.00299680233001709, 0.05471513420343399, 0.08061681687831879, 0.12549304962158203, 0.05587874725461006, 0.07553524523973465, 0.05260779708623886, 0.10630878806114197, 0.0827779546380043, 0.1505526900291443, 0.05851466953754425, 0.09246311336755753, 0.19569702446460724, 0.19907136261463165, 0.12796877324581146, 0.028678253293037415, 0.020560918375849724, 0.05826806649565697, 0.07022976875305176, 0.044331975281238556, 0.026357010006904602, 0.04021548107266426, 0.15821829438209534, 0.15465912222862244, 0.08631570637226105, 0.0743844285607338, 0.07247268408536911, 0.025398654863238335, 0.04170674458146095, 0.016938548535108566, 0.11175254732370377, 0.09278251975774765, 0.3539329469203949],