{"train_accuracy": [0.8399999737739563, 0.8199999928474426, 0.8299999833106995, 0.85999995470047, 0.8299999833106995, 0.9199999570846558, 0.8399999737739563, 0.8499999642372131, 0.85999995470047, 0.8199999928474426, 0.8899999856948853, 0.8999999761581421, 0.85999995470047, 0.8700000047683716, 0.9199999570846558, 0.9399999976158142, 0.9799999594688416, 0.8999999761581421, 0.8799999952316284, 0.8999999761581421, 0.8999999761581421, 0.9300000071525574, 0.9300000071525574, 0.9199999570846558, 0.9099999666213989, 0.9099999666213989, 0.9099999666213989, 0.8999999761581421, 0.949999988079071, 0.9300000071525574, 0.9399999976158142, 0.9099999666213989, 0.9199999570846558, 0.9799999594688416, 0.9300000071525574, 0.9199999570846558, 0.9099999666213989, 0.9599999785423279, 0.9899999499320984, 0.9099999666213989, 0.9099999666213989, 0.8999999761581421, 0.9699999690055847, 0.9799999594688416, 0.9599999785423279, 0.9199999570846558, 0.9199999570846558, 0.9300000071525574, 0.8700000047683716, 0.9300000071525574, 0.9099999666213989, 0.9399999976158142, 0.9099999666213989, 0.949999988079071, 0.9300000071525574, 0.9399999976158142, 0.9300000071525574, 0.949999988079071, 0.9300000071525574, 0.9599999785423279, 0.9599999785423279, 0.9699999690055847, 0.9599999785423279, 0.9199999570846558, 0.9799999594688416, 0.9699999690055847, 0.9599999785423279, 0.9199999570846558, 0.9399999976158142, 0.9399999976158142, 0.9300000071525574, 0.8999999761581421, 0.9799999594688416, 0.949999988079071, 0.949999988079071, 0.9199999570846558, 0.9699999690055847, 0.949999988079071, 0.9599999785423279, 0.9799999594688416, 0.9599999785423279, 0.9399999976158142, 0.9399999976158142, 0.9599999785423279, 0.9699999690055847, 0.949999988079071, 0.9399999976158142, 0.9599999785423279, 0.9799999594688416, 1.0, 0.9699999690055847, 1.0, 0.949999988079071, 0.9699999690055847, 0.9599999785423279, 0.9300000071525574, 0.9599999785423279, 0.9300000071525574, 0.9699999690055847, 0.949999988079071], "test_accuracy": [0.8199999928474426, 0.8499999642372131, 0.8499999642372131, 0.8700000047683716, 0.8499999642372131, 0.8299999833106995, 0.8799999952316284, 0.8700000047683716, 0.8799999952316284, 0.8999999761581421, 0.8899999856948853, 0.8999999761581421, 0.8899999856948853, 0.8899999856948853, 0.9199999570846558, 0.8899999856948853, 0.8899999856948853, 0.9300000071525574, 0.9099999666213989, 0.8700000047683716, 0.85999995470047, 0.9199999570846558, 0.9199999570846558, 0.9099999666213989, 0.9199999570846558, 0.8899999856948853, 0.8999999761581421, 0.9099999666213989, 0.8899999856948853, 0.8899999856948853, 0.9199999570846558, 0.8899999856948853, 0.8999999761581421, 0.8899999856948853, 0.8499999642372131, 0.9099999666213989, 0.9300000071525574, 0.8999999761581421, 0.8999999761581421, 0.85999995470047, 0.8700000047683716, 0.8899999856948853, 0.9199999570846558, 0.8700000047683716, 0.8499999642372131, 0.8899999856948853, 0.9099999666213989, 0.8899999856948853, 0.8799999952316284, 0.9099999666213989, 0.8299999833106995, 0.8799999952316284, 0.9099999666213989, 0.85999995470047, 0.8499999642372131, 0.8799999952316284, 0.8899999856948853, 0.9300000071525574, 0.8799999952316284, 0.8799999952316284, 0.85999995470047, 0.8799999952316284, 0.8999999761581421, 0.8499999642372131, 0.8799999952316284, 0.8999999761581421, 0.8899999856948853, 0.8899999856948853, 0.8700000047683716, 0.8999999761581421, 0.85999995470047, 0.8999999761581421, 0.8199999928474426, 0.9099999666213989, 0.85999995470047, 0.8799999952316284, 0.8700000047683716, 0.8899999856948853, 0.8700000047683716, 0.8499999642372131, 0.85999995470047, 0.8799999952316284, 0.8700000047683716, 0.85999995470047, 0.9099999666213989, 0.85999995470047, 0.8899999856948853, 0.9300000071525574, 0.8899999856948853, 0.9099999666213989, 0.8799999952316284, 0.8999999761581421, 0.8700000047683716, 0.8799999952316284, 0.8899999856948853, 0.8899999856948853, 0.85999995470047, 0.8899999856948853, 0.8899999856948853, 0.8999999761581421], "train_loss": [0.44891831278800964, 0.47857654094696045, 0.4296695590019226, 0.3328181803226471, 0.41882050037384033, 0.19696569442749023, 0.3123338222503662, 0.45444485545158386, 0.3354639410972595, 0.5670563578605652, 0.35498929023742676, 0.2874172627925873, 0.2724984288215637, 0.403787225484848, 0.22168311476707458, 0.1643580049276352, 0.08894848078489304, 0.2782471477985382, 0.32503825426101685, 0.2534494996070862, 0.23067277669906616, 0.2219143509864807, 0.1844129115343094, 0.17981864511966705, 0.23156806826591492, 0.2108650952577591, 0.21678133308887482, 0.23916000127792358, 0.16067714989185333, 0.19293184578418732, 0.18876615166664124, 0.34960252046585083, 0.23171953856945038, 0.08872394263744354, 0.21955536305904388, 0.15918928384780884, 0.22398097813129425, 0.17392176389694214, 0.08091665059328079, 0.19849586486816406, 0.15708142518997192, 0.263922780752182, 0.13788026571273804, 0.1260032206773758, 0.11080832779407501, 0.15071503818035126, 0.20389918982982635, 0.22795024514198303, 0.3061065375804901, 0.3079884648323059, 0.1881668120622635, 0.12110117077827454, 0.1830068826675415, 0.12412895262241364, 0.15791206061840057, 0.15061025321483612, 0.17421580851078033, 0.08605995774269104, 0.19529201090335846, 0.09501565992832184, 0.12214139848947525, 0.1549777239561081, 0.10909741371870041, 0.1559082716703415, 0.08442218601703644, 0.0801352858543396, 0.1233152374625206, 0.26121824979782104, 0.15368318557739258, 0.14526402950286865, 0.2562049925327301, 0.26861417293548584, 0.0818830132484436, 0.14518770575523376, 0.13811272382736206, 0.13610047101974487, 0.14250509440898895, 0.12709809839725494, 0.11373429000377655, 0.12784524261951447, 0.15467092394828796, 0.1480923295021057, 0.12851713597774506, 0.13576652109622955, 0.11045438796281815, 0.17128953337669373, 0.20078663527965546, 0.08420976996421814, 0.1465807557106018, 0.029001297429203987, 0.04384976997971535, 0.03210154548287392, 0.16318756341934204, 0.09761865437030792, 0.08091844618320465, 0.3228937089443207, 0.08933792263269424, 0.2570405900478363, 0.10449227690696716, 0.16828592121601105],