{"train_accuracy": [0.7145959734916687, 0.811037003993988, 0.831783652305603, 0.8442988991737366, 0.852892279624939, 0.8598251938819885, 0.8668717741966248, 0.8714615106582642, 0.8761419653892517, 0.8808698654174805, 0.8838563561439514, 0.8863683342933655, 0.8903340101242065, 0.8935348391532898, 0.8959660530090332, 0.8976343274116516, 0.8993362784385681, 0.901801586151123, 0.9032391309738159, 0.9052383899688721, 0.9075515866279602, 0.9089038372039795, 0.9090741276741028, 0.9115511775016785, 0.9119126200675964, 0.9132543802261353, 0.9144625663757324, 0.9161790013313293, 0.9175540804862976, 0.9178740382194519, 0.9200261235237122, 0.9195370078086853, 0.9204598069190979, 0.9212172627449036, 0.9225983023643494, 0.9226194024085999, 0.9228522777557373, 0.9240524172782898, 0.9243953824043274, 0.9242624044418335, 0.9256254434585571, 0.9262490272521973, 0.9258431792259216, 0.9267398715019226, 0.9283588528633118, 0.9308151602745056, 0.928570568561554, 0.9298344254493713, 0.9312525987625122, 0.9296097755432129, 0.9307714700698853, 0.9316071271896362, 0.9316228628158569, 0.931984007358551, 0.9323623180389404, 0.9306636452674866, 0.9339987635612488, 0.9335267543792725, 0.9345671534538269, 0.9340677261352539, 0.9342461824417114, 0.935001790523529, 0.9362645149230957, 0.9352416396141052, 0.9353115558624268, 0.9359601736068726, 0.9354972243309021, 0.9367862939834595, 0.9368419051170349, 0.9352849125862122, 0.9355002641677856, 0.9373798966407776, 0.9370663166046143, 0.9372020959854126, 0.9382032155990601, 0.9382680058479309, 0.9393981099128723, 0.9374918341636658, 0.9386159181594849, 0.9389787912368774, 0.9395849108695984, 0.9395371079444885, 0.9399888515472412, 0.9402768015861511, 0.940967857837677, 0.9392052292823792, 0.9418505430221558, 0.9425722360610962, 0.9400532245635986, 0.940423309803009, 0.9430398344993591, 0.9416124820709229, 0.9406422972679138, 0.942047655582428, 0.9429903626441956, 0.9414145350456238, 0.9421468377113342, 0.941394567489624, 0.9424775242805481, 0.9435133337974548], "test_accuracy": [0.7959997653961182, 0.811333417892456, 0.8267094492912292, 0.8386558890342712, 0.8412792682647705, 0.8315045833587646, 0.8430110216140747, 0.844526469707489, 0.8393979072570801, 0.8460434675216675, 0.847978413105011, 0.8454188108444214, 0.8459789752960205, 0.8503435254096985, 0.8471943140029907, 0.8487312197685242, 0.8485479354858398, 0.8484944701194763, 0.8456664085388184, 0.8509572744369507, 0.8515586853027344, 0.8471719026565552, 0.8459675312042236, 0.8492907881736755, 0.8489575386047363, 0.8478386998176575, 0.8509362936019897, 0.8500323295593262, 0.8468599915504456, 0.8496445417404175, 0.8460318446159363, 0.8515481352806091, 0.8506666421890259, 0.8503227829933167, 0.8463118076324463, 0.8450214862823486, 0.8491295576095581, 0.8488594889640808, 0.8444831371307373, 0.8495697975158691, 0.851204514503479, 0.8491828441619873, 0.8496989607810974, 0.8474300503730774, 0.8515918254852295, 0.8450217843055725, 0.8507198691368103, 0.8482362031936646, 0.8511398434638977, 0.8437634706497192, 0.8474947214126587, 0.8467636704444885, 0.8483008146286011, 0.8484832644462585, 0.8446992039680481, 0.8477846384048462, 0.8490316867828369, 0.8475697636604309, 0.8477962613105774, 0.8466993570327759, 0.846741795539856, 0.842967689037323, 0.8463008999824524, 0.8485057950019836, 0.8453771471977234, 0.8459781408309937, 0.8413117527961731, 0.8439787030220032, 0.8449357151985168, 0.8407535552978516, 0.8458604216575623, 0.8484194278717041, 0.8471397757530212, 0.8449354767799377, 0.840634822845459, 0.8436555862426758, 0.8448922634124756, 0.8411612510681152, 0.8430538177490234, 0.842462420463562, 0.8451941013336182, 0.846021294593811, 0.8481068015098572, 0.8442252278327942, 0.839785099029541, 0.8435590863227844, 0.8451611995697021, 0.8434411287307739, 0.8406561017036438, 0.8483014702796936, 0.8459676504135132, 0.8439789414405823, 0.8449147939682007, 0.846709668636322, 0.8450428247451782, 0.8468070030212402, 0.8399139642715454, 0.8424407839775085, 0.8449995517730713, 0.8449460864067078], "train_loss": [0.8852763772010803, 0.5227950215339661, 0.4587101936340332, 0.4194982051849365, 0.3900269865989685, 0.3699286878108978, 0.35091260075569153, 0.3352382779121399, 0.32189926505088806, 0.30963340401649475, 0.30227792263031006, 0.29158923029899597, 0.2828790843486786, 0.2754347026348114, 0.2684459984302521, 0.26203328371047974, 0.25834715366363525, 0.2532893419265747, 0.2488234043121338, 0.24208632111549377, 0.2387581616640091, 0.23613591492176056, 0.2337494194507599, 0.2284114807844162, 0.22670625150203705, 0.22382566332817078, 0.21904726326465607, 0.21792075037956238, 0.21341273188591003, 0.21266955137252808, 0.20798780024051666, 0.20687665045261383, 0.20570334792137146, 0.20464889705181122, 0.20233683288097382, 0.20260818302631378, 0.20168469846248627, 0.1968735158443451, 0.19813482463359833, 0.1980440467596054, 0.19397011399269104, 0.19261333346366882, 0.19600720703601837, 0.19339968264102936, 0.18942980468273163, 0.1820148080587387, 0.18832017481327057, 0.18511173129081726, 0.18301604688167572, 0.18507543206214905, 0.18304157257080078, 0.1813783198595047, 0.18252073228359222, 0.18170776963233948, 0.17932018637657166, 0.18344494700431824, 0.17579740285873413, 0.17649590969085693, 0.17431357502937317, 0.1752997189760208, 0.17697247862815857, 0.17377686500549316, 0.1715228259563446, 0.17350944876670837, 0.17501631379127502, 0.1723271906375885, 0.17570911347866058, 0.1700873076915741, 0.1695343405008316, 0.17421990633010864, 0.1748366802930832, 0.1683083474636078, 0.17195585370063782, 0.16977253556251526, 0.1681385338306427, 0.16907040774822235, 0.16415080428123474, 0.169734388589859, 0.16863179206848145, 0.16576100885868073, 0.16412043571472168, 0.16470369696617126, 0.16344702243804932, 0.16444948315620422, 0.1603109985589981, 0.1648818999528885, 0.16036760807037354, 0.15783831477165222, 0.1653440296649933, 0.16398952901363373, 0.15740561485290527, 0.16143806278705597, 0.16409850120544434, 0.1588032990694046, 0.15651313960552216, 0.16032461822032928, 0.16003000736236572, 0.16361744701862335, 0.15920524299144745, 0.15550416707992554],