{"train_accuracy": [0.6640210747718811, 0.7793367505073547, 0.8007290363311768, 0.8141174912452698, 0.8225158452987671, 0.828841507434845, 0.8342773914337158, 0.838574230670929, 0.842126727104187, 0.8458688259124756, 0.8483936190605164, 0.8514120578765869, 0.8529865741729736, 0.8566341996192932, 0.8583934307098389, 0.8592244982719421, 0.8610470294952393, 0.8624446988105774, 0.8643515706062317, 0.8659862875938416, 0.8662781715393066, 0.8675852417945862, 0.8676932454109192, 0.8697156310081482, 0.8701379895210266, 0.871982753276825, 0.8718523383140564, 0.8726537227630615, 0.8726835250854492, 0.8744733929634094, 0.874065101146698, 0.875342607498169, 0.8756393194198608, 0.8760343790054321, 0.8764519691467285, 0.8781730532646179, 0.8779922127723694, 0.8780831694602966, 0.8791839480400085, 0.8796611428260803, 0.8801131844520569, 0.8795284628868103, 0.8810160160064697, 0.881145179271698, 0.8816788196563721, 0.8817948698997498, 0.8828192353248596, 0.883119523525238, 0.8834948539733887, 0.8820108771324158, 0.8842039704322815, 0.8844888210296631, 0.8844197392463684, 0.8849651217460632, 0.8847631812095642, 0.8854121565818787, 0.8854092359542847, 0.8863053321838379, 0.8858954906463623, 0.8872843980789185, 0.8870224356651306, 0.8870399594306946, 0.8870821595191956, 0.8860756754875183, 0.8879080414772034, 0.8871082067489624, 0.8869013786315918, 0.8886695504188538, 0.8876442909240723, 0.8891301155090332, 0.8884281516075134, 0.8892155885696411, 0.8889787197113037, 0.8906787633895874, 0.8898524641990662, 0.8901408910751343, 0.8899785876274109, 0.8896076083183289, 0.89133620262146, 0.8898695707321167, 0.8912674188613892, 0.8904110789299011, 0.8904767036437988, 0.8899085521697998, 0.8904632925987244, 0.8900935649871826, 0.8922355771064758, 0.891410231590271, 0.8918405771255493, 0.8932341933250427, 0.8922227621078491, 0.8924201726913452, 0.8932545781135559, 0.891990602016449, 0.8931216597557068, 0.8927261829376221, 0.8933843374252319, 0.8924674391746521, 0.8936209678649902, 0.8940284848213196], "test_accuracy": [0.7609895467758179, 0.7910969257354736, 0.8093437552452087, 0.8055485486984253, 0.8104948401451111, 0.8238381743431091, 0.8214729428291321, 0.8256667256355286, 0.8241181969642639, 0.8213551640510559, 0.8288708329200745, 0.8268277049064636, 0.8293978571891785, 0.8302039504051208, 0.825580894947052, 0.8286232352256775, 0.8272363543510437, 0.8349782228469849, 0.831215500831604, 0.8291506171226501, 0.8361612558364868, 0.8359240889549255, 0.8274297118186951, 0.8353329300880432, 0.8334294557571411, 0.830322265625, 0.8320537209510803, 0.8334408402442932, 0.8266445994377136, 0.832033097743988, 0.8354623913764954, 0.8184838891029358, 0.8331612944602966, 0.8359684348106384, 0.8348817229270935, 0.8317096829414368, 0.8312578797340393, 0.8271288871765137, 0.8348712921142578, 0.8343657851219177, 0.829150915145874, 0.8290858864784241, 0.8332794904708862, 0.8354089856147766, 0.8244950771331787, 0.8333007097244263, 0.832634687423706, 0.8285269737243652, 0.8318496346473694, 0.8331179618835449, 0.8247305750846863, 0.8357200026512146, 0.8290539383888245, 0.8362475037574768, 0.8291076421737671, 0.8280537128448486, 0.8331177234649658, 0.835612416267395, 0.8303980827331543, 0.8331619501113892, 0.8261505961418152, 0.8318390250205994, 0.8316349983215332, 0.8300427794456482, 0.834215521812439, 0.8306986689567566, 0.832214891910553, 0.8346442580223083, 0.8318817019462585, 0.8245481252670288, 0.8301612734794617, 0.8338926434516907, 0.828119158744812, 0.8308382630348206, 0.8294088840484619, 0.8233978152275085, 0.8250108361244202, 0.8338499069213867, 0.8293225169181824, 0.8313437104225159, 0.8246984481811523, 0.8314831852912903, 0.8266238570213318, 0.8267633318901062, 0.8297204971313477, 0.8345049023628235, 0.8280957341194153, 0.8333765864372253, 0.8286235928535461, 0.8313334584236145, 0.8320862054824829, 0.8319782614707947, 0.8334619402885437, 0.8316347599029541, 0.8313867449760437, 0.8285914063453674, 0.8261826634407043, 0.8317530751228333, 0.8288496136665344, 0.8282264471054077], "train_loss": [1.0698752403259277, 0.6297133564949036, 0.5536462664604187, 0.5094862580299377, 0.48373299837112427, 0.46247637271881104, 0.4449111223220825, 0.431240051984787, 0.4186318516731262, 0.4077790677547455, 0.3998483121395111, 0.3902893364429474, 0.3859192132949829, 0.3766777813434601, 0.37159213423728943, 0.36598315834999084, 0.36209139227867126, 0.35753852128982544, 0.3524223268032074, 0.34826797246932983, 0.34667664766311646, 0.3419278860092163, 0.3409307897090912, 0.3386753499507904, 0.3370336592197418, 0.3320665657520294, 0.32967260479927063, 0.32689419388771057, 0.3268095850944519, 0.3221765458583832, 0.3223123848438263, 0.32028329372406006, 0.31847092509269714, 0.3177974224090576, 0.31698134541511536, 0.31080278754234314, 0.31127336621284485, 0.3110774755477905, 0.3109622597694397, 0.30992627143859863, 0.3072648048400879, 0.30797553062438965, 0.3062080144882202, 0.30264919996261597, 0.3033231198787689, 0.30218493938446045, 0.30096277594566345, 0.29859933257102966, 0.2973491847515106, 0.30035704374313354, 0.2989075481891632, 0.29537105560302734, 0.2953401505947113, 0.2948172688484192, 0.29411646723747253, 0.29374217987060547, 0.293683797121048, 0.29099124670028687, 0.2927314043045044, 0.2876310348510742, 0.289398729801178, 0.29106399416923523, 0.28737035393714905, 0.28944510221481323, 0.28663530945777893, 0.2884339690208435, 0.28802165389060974, 0.28463292121887207, 0.2847207486629486, 0.2852979004383087, 0.28607165813446045, 0.28239163756370544, 0.28302717208862305, 0.2810429334640503, 0.2809176445007324, 0.2800399661064148, 0.2815466821193695, 0.2818613052368164, 0.27884218096733093, 0.28289029002189636, 0.27759796380996704, 0.28180649876594543, 0.279376357793808, 0.2804676294326782, 0.2809847891330719, 0.27918216586112976, 0.27408137917518616, 0.27699124813079834, 0.27646738290786743, 0.2743545174598694, 0.27423712611198425, 0.2752995193004608, 0.2722516357898712, 0.2750745415687561, 0.2740389108657837, 0.2748187184333801, 0.2718461751937866, 0.27360036969184875, 0.2714250087738037, 0.2710702121257782],