{"train_accuracy": [0.7212669849395752, 0.8171004056930542, 0.836930513381958, 0.8499722480773926, 0.8606173992156982, 0.8678946495056152, 0.8758115768432617, 0.8804441094398499, 0.8855167627334595, 0.889143168926239, 0.8945414423942566, 0.8986227512359619, 0.9010316133499146, 0.9053596258163452, 0.9084892868995667, 0.9119904041290283, 0.9135083556175232, 0.9156202673912048, 0.9171377420425415, 0.9193251132965088, 0.9206114411354065, 0.9220607280731201, 0.9235185384750366, 0.9249451756477356, 0.9252930879592896, 0.9277612566947937, 0.9282223582267761, 0.9298256039619446, 0.9291254281997681, 0.9312194585800171, 0.9331831932067871, 0.9340726733207703, 0.9348454475402832, 0.9357790350914001, 0.9372926354408264, 0.937864363193512, 0.9386767148971558, 0.9384713172912598, 0.9413812756538391, 0.9404602646827698, 0.9405900239944458, 0.9419477581977844, 0.9421341419219971, 0.942297101020813, 0.9430111646652222, 0.9437638521194458, 0.9450311660766602, 0.9456841349601746, 0.9467290639877319, 0.9472793936729431, 0.9465647339820862, 0.9469786286354065, 0.9484908580780029, 0.9476976990699768, 0.949176013469696, 0.9483566284179688, 0.9492947459220886, 0.95071941614151, 0.9507486820220947, 0.9511229395866394, 0.9519601464271545, 0.9522790908813477, 0.951242983341217, 0.9541016817092896, 0.9542184472084045, 0.9540107250213623, 0.9553074836730957, 0.95477694272995, 0.9560367465019226, 0.954918622970581, 0.9573221206665039, 0.9571508765220642, 0.9587726593017578, 0.9572672247886658, 0.9584500789642334, 0.9589733481407166, 0.9598847031593323, 0.9601992964744568, 0.9594417810440063, 0.9599963426589966, 0.9601605534553528, 0.9615756273269653, 0.9612096548080444, 0.9608616828918457, 0.9617083668708801, 0.9623284339904785, 0.9622891545295715, 0.9618338346481323, 0.9631662964820862, 0.962009608745575, 0.9625032544136047, 0.9624526500701904, 0.9640008807182312, 0.9638112187385559, 0.963566243648529, 0.9648742079734802, 0.9655531644821167, 0.9653158783912659, 0.9654551148414612, 0.9648791551589966], "test_accuracy": [0.799333393573761, 0.8099038600921631, 0.8347845673561096, 0.8444947600364685, 0.8403013348579407, 0.8413012027740479, 0.8456770181655884, 0.8512683510780334, 0.8472472429275513, 0.8480547666549683, 0.8518709540367126, 0.8523549437522888, 0.8535051345825195, 0.8563232421875, 0.8522894978523254, 0.8548598289489746, 0.8542686700820923, 0.8559139370918274, 0.8513548970222473, 0.8515365719795227, 0.8506558537483215, 0.8528389930725098, 0.8512687683105469, 0.8526987433433533, 0.8525911569595337, 0.8540212512016296, 0.8545157313346863, 0.8539785146713257, 0.8553974628448486, 0.8523446321487427, 0.852709174156189, 0.8500000834465027, 0.8531401753425598, 0.8560532331466675, 0.8529682159423828, 0.8526991605758667, 0.8505697846412659, 0.8561828136444092, 0.8549677133560181, 0.8520855903625488, 0.8535372018814087, 0.8551077842712402, 0.8587738871574402, 0.8528174757957458, 0.8561397194862366, 0.8533333539962769, 0.8513333797454834, 0.8550858497619629, 0.856580376625061, 0.8551174402236938, 0.8561180233955383, 0.8537092208862305, 0.8512690663337708, 0.8509889245033264, 0.8553441166877747, 0.8540428876876831, 0.8528497219085693, 0.8550965189933777, 0.8543437123298645, 0.8503333926200867, 0.8546345829963684, 0.8530648350715637, 0.8566777110099792, 0.8557738661766052, 0.8522258400917053, 0.8546668887138367, 0.856086015701294, 0.8546988368034363, 0.8527524471282959, 0.8501294255256653, 0.8514086008071899, 0.8567847609519958, 0.8588073253631592, 0.854902982711792, 0.8556243181228638, 0.8537426590919495, 0.8557425141334534, 0.8539254665374756, 0.8527741432189941, 0.853171706199646, 0.854516327381134, 0.8555271625518799, 0.852634608745575, 0.854515790939331, 0.8584726452827454, 0.8554405570030212, 0.8531936407089233, 0.8546025156974792, 0.8545589447021484, 0.8540747165679932, 0.8539028763771057, 0.8534515500068665, 0.8533977270126343, 0.8533441424369812, 0.8543221354484558, 0.8544840216636658, 0.850903332233429, 0.8518068194389343, 0.8549358248710632, 0.8540433049201965], "train_loss": [0.863349437713623, 0.5062485933303833, 0.44091981649398804, 0.40084749460220337, 0.3703792989253998, 0.3470945656299591, 0.32680270075798035, 0.3109969198703766, 0.29645290970802307, 0.28575319051742554, 0.27089250087738037, 0.26095351576805115, 0.2535427212715149, 0.24400649964809418, 0.23535656929016113, 0.22781307995319366, 0.224199116230011, 0.2169451266527176, 0.21335861086845398, 0.20864444971084595, 0.20607499778270721, 0.20169249176979065, 0.19938966631889343, 0.1945429891347885, 0.19445541501045227, 0.18849433958530426, 0.18783219158649445, 0.1830245852470398, 0.1858987957239151, 0.1800008863210678, 0.175191730260849, 0.17272023856639862, 0.17062216997146606, 0.17021895945072174, 0.16573978960514069, 0.16414254903793335, 0.1633765548467636, 0.16484816372394562, 0.15568219125270844, 0.15975065529346466, 0.15825799107551575, 0.15611325204372406, 0.15521618723869324, 0.15334723889827728, 0.15269188582897186, 0.14969046413898468, 0.14777682721614838, 0.14631475508213043, 0.1442084014415741, 0.14321649074554443, 0.14452053606510162, 0.14142268896102905, 0.13836011290550232, 0.1415993571281433, 0.13822506368160248, 0.1410747915506363, 0.142402783036232, 0.1356222778558731, 0.13506090641021729, 0.13430702686309814, 0.1312231719493866, 0.13066540658473969, 0.13415181636810303, 0.1254928708076477, 0.12513308227062225, 0.12698206305503845, 0.12423685193061829, 0.12478075921535492, 0.1202431321144104, 0.12814292311668396, 0.11989772319793701, 0.12037639319896698, 0.11427261680364609, 0.11974786221981049, 0.1167193278670311, 0.11487672477960587, 0.11341162770986557, 0.1136258915066719, 0.11414876580238342, 0.1128707230091095, 0.11387531459331512, 0.10882961750030518, 0.11025714874267578, 0.1127345860004425, 0.11021657288074493, 0.1076081320643425, 0.10898476094007492, 0.11083050072193146, 0.10600386559963226, 0.10895146429538727, 0.1094960868358612, 0.10761995613574982, 0.10353077203035355, 0.1052236407995224, 0.10675940662622452, 0.10205019265413284, 0.10068390518426895, 0.1006501093506813, 0.09961895644664764, 0.10418906062841415],